Workbook
Name MonthlyChart_Data1: OFFSET(#REF!,0,0,1,MonthsWithActual)
Name MonthsWithActual: COUNTIF(#REF!,"<>"&0)

Sheet Rohdaten
A6: Budget
A7: Monat | B7: Development Kosten | C7: Operatinal Kosten | D7: Marketing Kosten | E7: Travelling Kosten | F7: Training Kosten | G7: Maintenance Kosten | H7: Total
A8: 44927 | B8: 107000 | C8: 12000 | D8: 10000 | E8: 4000 | F8: 6000 | G8: 4000 | H8: =SUM(Tabelle1[[#This Row],[Development Kosten]:[Maintenance Kosten ]]) -> 143000
A9: 44958 | B9: 107000 | C9: 12000 | D9: 5000 | E9: 4000 | F9: 6000 | G9: 4000 | H9: =SUM(Tabelle1[[#This Row],[Development Kosten]:[Maintenance Kosten ]]) -> 138000
A10: 44986 | B10: 108000 | C10: 12000 | D10: 5000 | E10: 4000 | F10: 6000 | G10: 4000 | H10: =SUM(Tabelle1[[#This Row],[Development Kosten]:[Maintenance Kosten ]]) -> 139000
A11: 45017 | B11: 107000 | C11: 12000 | D11: 10000 | E11: 4000 | F11: 6000 | G11: 4000 | H11: =SUM(Tabelle1[[#This Row],[Development Kosten]:[Maintenance Kosten ]]) -> 143000
A12: 45047 | B12: 111100 | C12: 12000 | D12: 4000 | E12: 4000 | F12: 6000 | G12: 4000 | H12: =SUM(Tabelle1[[#This Row],[Development Kosten]:[Maintenance Kosten ]]) -> 141100
A13: 45078 | B13: 111100 | C13: 15000 | D13: 4000 | E13: 4000 | F13: 8000 | G13: 4000 | H13: =SUM(Tabelle1[[#This Row],[Development Kosten]:[Maintenance Kosten ]]) -> 146100
A14: 45108 | B14: 110000 | C14: 15000 | D14: 8000 | E14: 4000 | F14: 8000 | G14: 4000 | H14: =SUM(Tabelle1[[#This Row],[Development Kosten]:[Maintenance Kosten ]]) -> 149000
A15: 45139 | B15: 117000 | C15: 15000 | D15: 6000 | E15: 4000 | F15: 8000 | G15: 4000 | H15: =SUM(Tabelle1[[#This Row],[Development Kosten]:[Maintenance Kosten ]]) -> 154000
A16: 45170 | B16: 118000 | C16: 15000 | D16: 3000 | E16: 4000 | F16: 8000 | G16: 4000 | H16: =SUM(Tabelle1[[#This Row],[Development Kosten]:[Maintenance Kosten ]]) -> 152000
A17: 45200 | B17: 110000 | C17: 15000 | D17: 10000 | E17: 4000 | F17: 8000 | G17: 4000 | H17: =SUM(Tabelle1[[#This Row],[Development Kosten]:[Maintenance Kosten ]]) -> 151000
A18: 45231 | B18: 117000 | C18: 15000 | D18: 3000 | E18: 4000 | F18: 8000 | G18: 4000 | H18: =SUM(Tabelle1[[#This Row],[Development Kosten]:[Maintenance Kosten ]]) -> 151000
A19: 45261 | B19: 117000 | C19: 15000 | D19: 7000 | E19: 4000 | F19: 8000 | G19: 4000 | H19: =SUM(Tabelle1[[#This Row],[Development Kosten]:[Maintenance Kosten ]]) -> 155000
A24: Actual (IST)
A25: Monat | B25: Development kosten | C25: Operatinal Kosten | D25: Marketing Kosten | E25: Travelling Kosten | F25: Training Kosten | G25: Maintenance Kosten | H25: Total
A26: 44927 | B26: 106950 | C26: 15600 | D26: 9820 | E26: 3200 | F26: 5500 | G26: 3200 | H26: =SUM(Tabelle2[[#This Row],[Development kosten]:[Maintenance Kosten ]]) -> 144270
A27: 44958 | B27: 109000 | C27: 11698 | D27: 3556 | E27: 2300 | F27: 6500 | G27: 2800 | H27: =SUM(Tabelle2[[#This Row],[Development kosten]:[Maintenance Kosten ]]) -> 135854
A28: 44986 | B28: 108500 | C28: 13453 | D28: 6800 | E28: 5300 | F28: 0 | G28: 7800 | H28: =SUM(Tabelle2[[#This Row],[Development kosten]:[Maintenance Kosten ]]) -> 141853
A29: 45017 | B29: 109900 | C29: 15790 | D29: 11400 | E29: 2200 | F29: 4000 | G29: 5700 | H29: =SUM(Tabelle2[[#This Row],[Development kosten]:[Maintenance Kosten ]]) -> 148990
A30: 45047 | B30: 111760 | C30: 11508 | D30: 2900 | E30: 1200 | F30: 6000 | G30: 4600 | H30: =SUM(Tabelle2[[#This Row],[Development kosten]:[Maintenance Kosten ]]) -> 137968
A31: 45078 | B31: 111760 | C31: 15500 | D31: 3500 | E31: 4200 | F31: 6500 | G31: 5500 | H31: =SUM(Tabelle2[[#This Row],[Development kosten]:[Maintenance Kosten ]]) -> 146960
A32: 45108 | B32: 102000 | C32: 14333 | D32: 3000 | E32: 2900 | F32: 7500 | G32: 4000 | H32: =SUM(Tabelle2[[#This Row],[Development kosten]:[Maintenance Kosten ]]) -> 133733
A33: 45139 | B33: 108100 | C33: 16500 | D33: 5800 | E33: 4300 | F33: 6000 | G33: 3100 | H33: =SUM(Tabelle2[[#This Row],[Development kosten]:[Maintenance Kosten ]]) -> 143800
A34: 45170 | B34: 114070 | C34: 10900 | D34: 3000 | E34: 2700 | F34: 7000 | G34: 2400 | H34: =SUM(Tabelle2[[#This Row],[Development kosten]:[Maintenance Kosten ]]) -> 140070
A35: 45200 | B35: 104040 | C35: 17800 | D35: 9800 | E35: 3700 | F35: 5500 | G35: 1398 | H35: =SUM(Tabelle2[[#This Row],[Development kosten]:[Maintenance Kosten ]]) -> 142238
A36: 45231 | B36: 115555 | C36: 16800 | D36: 2900 | E36: 4500 | F36: 6000 | G36: 5399 | H36: =SUM(Tabelle2[[#This Row],[Development kosten]:[Maintenance Kosten ]]) -> 151154
A37: 45261 | B37: 113000 | C37: 14200 | D37: 7200 | E37: 4800 | F37: 7500 | G37: 4590 | H37: =SUM(Tabelle2[[#This Row],[Development kosten]:[Maintenance Kosten ]]) -> 151290

Sheet Budget_vs_Ist Analyse
B3: Monatliche Budget vs. Ist Abweichungsanalyse 2023
A4: Monat | B4: Budget Gesamt | C4: IST Gesamt | D4: Abw. | E4: Abw.% | F4: Ampel
A5: 44927 | B5: =VLOOKUP(A5,Tabelle1[],8,FALSE) -> 143000 | C5: =VLOOKUP(A5,Tabelle2[],8,FALSE) -> 144270 | D5: =Tabelle6[[#This Row],[Budget Gesamt]]-Tabelle6[[#This Row],[IST Gesamt]] -> -1270 | E5: =Tabelle6[[#This Row],[Abw.]]/Tabelle6[[#This Row],[Budget Gesamt]] -> -0.0088811189 | F5: =ABS(Tabelle6[[#This Row],[Abw.%]]) -> 0.0088811189
A6: 44958 | B6: =VLOOKUP(A6,Tabelle1[],8,FALSE) -> 138000 | C6: =VLOOKUP(A6,Tabelle2[],8,FALSE) -> 135854 | D6: =Tabelle6[[#This Row],[Budget Gesamt]]-Tabelle6[[#This Row],[IST Gesamt]] -> 2146 | E6: =Tabelle6[[#This Row],[Abw.]]/Tabelle6[[#This Row],[Budget Gesamt]] -> 0.015550725 | F6: =ABS(Tabelle6[[#This Row],[Abw.%]]) -> 0.015550725
A7: 44986 | B7: =VLOOKUP(A7,Tabelle1[],8,FALSE) -> 139000 | C7: =VLOOKUP(A7,Tabelle2[],8,FALSE) -> 141853 | D7: =Tabelle6[[#This Row],[Budget Gesamt]]-Tabelle6[[#This Row],[IST Gesamt]] -> -2853 | E7: =Tabelle6[[#This Row],[Abw.]]/Tabelle6[[#This Row],[Budget Gesamt]] -> -0.02052518 | F7: =ABS(Tabelle6[[#This Row],[Abw.%]]) -> 0.02052518
A8: 45017 | B8: =VLOOKUP(A8,Tabelle1[],8,FALSE) -> 143000 | C8: =VLOOKUP(A8,Tabelle2[],8,FALSE) -> 148990 | D8: =Tabelle6[[#This Row],[Budget Gesamt]]-Tabelle6[[#This Row],[IST Gesamt]] -> -5990 | E8: =Tabelle6[[#This Row],[Abw.]]/Tabelle6[[#This Row],[Budget Gesamt]] -> -0.041888112 | F8: =ABS(Tabelle6[[#This Row],[Abw.%]]) -> 0.041888112
A9: 45047 | B9: =VLOOKUP(A9,Tabelle1[],8,FALSE) -> 141100 | C9: =VLOOKUP(A9,Tabelle2[],8,FALSE) -> 137968 | D9: =Tabelle6[[#This Row],[Budget Gesamt]]-Tabelle6[[#This Row],[IST Gesamt]] -> 3132 | E9: =Tabelle6[[#This Row],[Abw.]]/Tabelle6[[#This Row],[Budget Gesamt]] -> 0.022197023 | F9: =ABS(Tabelle6[[#This Row],[Abw.%]]) -> 0.022197023
A10: 45078 | B10: =VLOOKUP(A10,Tabelle1[],8,FALSE) -> 146100 | C10: =VLOOKUP(A10,Tabelle2[],8,FALSE) -> 146960 | D10: =Tabelle6[[#This Row],[Budget Gesamt]]-Tabelle6[[#This Row],[IST Gesamt]] -> -860 | E10: =Tabelle6[[#This Row],[Abw.]]/Tabelle6[[#This Row],[Budget Gesamt]] -> -0.0058863792 | F10: =ABS(Tabelle6[[#This Row],[Abw.%]]) -> 0.0058863792
A11: 45108 | B11: =VLOOKUP(A11,Tabelle1[],8,FALSE) -> 149000 | C11: =VLOOKUP(A11,Tabelle2[],8,FALSE) -> 133733 | D11: =Tabelle6[[#This Row],[Budget Gesamt]]-Tabelle6[[#This Row],[IST Gesamt]] -> 15267 | E11: =Tabelle6[[#This Row],[Abw.]]/Tabelle6[[#This Row],[Budget Gesamt]] -> 0.10246309 | F11: =ABS(Tabelle6[[#This Row],[Abw.%]]) -> 0.10246309
A12: 45139 | B12: =VLOOKUP(A12,Tabelle1[],8,FALSE) -> 154000 | C12: =VLOOKUP(A12,Tabelle2[],8,FALSE) -> 143800 | D12: =Tabelle6[[#This Row],[Budget Gesamt]]-Tabelle6[[#This Row],[IST Gesamt]] -> 10200 | E12: =Tabelle6[[#This Row],[Abw.]]/Tabelle6[[#This Row],[Budget Gesamt]] -> 0.066233766 | F12: =ABS(Tabelle6[[#This Row],[Abw.%]]) -> 0.066233766
A13: 45170 | B13: =VLOOKUP(A13,Tabelle1[],8,FALSE) -> 152000 | C13: =VLOOKUP(A13,Tabelle2[],8,FALSE) -> 140070 | D13: =Tabelle6[[#This Row],[Budget Gesamt]]-Tabelle6[[#This Row],[IST Gesamt]] -> 11930 | E13: =Tabelle6[[#This Row],[Abw.]]/Tabelle6[[#This Row],[Budget Gesamt]] -> 0.078486842 | F13: =ABS(Tabelle6[[#This Row],[Abw.%]]) -> 0.078486842
A14: 45200 | B14: =VLOOKUP(A14,Tabelle1[],8,FALSE) -> 151000 | C14: =VLOOKUP(A14,Tabelle2[],8,FALSE) -> 142238 | D14: =Tabelle6[[#This Row],[Budget Gesamt]]-Tabelle6[[#This Row],[IST Gesamt]] -> 8762 | E14: =Tabelle6[[#This Row],[Abw.]]/Tabelle6[[#This Row],[Budget Gesamt]] -> 0.05802649 | F14: =ABS(Tabelle6[[#This Row],[Abw.%]]) -> 0.05802649
A15: 45231 | B15: =VLOOKUP(A15,Tabelle1[],8,FALSE) -> 151000 | C15: =VLOOKUP(A15,Tabelle2[],8,FALSE) -> 151154 | D15: =Tabelle6[[#This Row],[Budget Gesamt]]-Tabelle6[[#This Row],[IST Gesamt]] -> -154 | E15: =Tabelle6[[#This Row],[Abw.]]/Tabelle6[[#This Row],[Budget Gesamt]] -> -0.0010198675 | F15: =ABS(Tabelle6[[#This Row],[Abw.%]]) -> 0.0010198675
A16: 45261 | B16: =VLOOKUP(A16,Tabelle1[],8,FALSE) -> 155000 | C16: =VLOOKUP(A16,Tabelle2[],8,FALSE) -> 151290 | D16: =Tabelle6[[#This Row],[Budget Gesamt]]-Tabelle6[[#This Row],[IST Gesamt]] -> 3710 | E16: =Tabelle6[[#This Row],[Abw.]]/Tabelle6[[#This Row],[Budget Gesamt]] -> 0.023935484 | F16: =ABS(Tabelle6[[#This Row],[Abw.%]]) -> 0.023935484
A17: Gesamt | B17: =SUM(B5:B16) -> 1762200 | C17: =SUM(C5:C16) -> 1718180 | D17: =Tabelle6[[#This Row],[Budget Gesamt]]-Tabelle6[[#This Row],[IST Gesamt]] -> 44020 | E17: =Tabelle6[[#This Row],[Abw.]]/Tabelle6[[#This Row],[Budget Gesamt]] -> 0.024980138 | F17: =ABS(Tabelle6[[#This Row],[Abw.%]]) -> 0.024980138
B26: Monatliche Budget vs. Ist Abweichungsanalyse nach Kostenart 2023
A27: Monat | B27: Dev.Abw | C27: Dev.Abw.% | D27: Oper.Abw | E27: Oper.Abw% | F27: Mark.Abw | G27: Mark.Abw% | H27: Trav.Abw | I27: Trav.Abw% | J27: Train.Abw | K27: Train.Abw% | L27: Main.Abw | M27: Main.Abw%
A28: 44927 | B28: =Rohdaten!B8-Rohdaten!B26 -> 50 | C28: =Tabelle9[[#This Row],[Dev.Abw]] / Rohdaten!B8 -> 0.00046728972 | D28: =Rohdaten!C8-Rohdaten!C26 -> -3600 | E28: =Tabelle9[[#This Row],[Oper.Abw]]/Rohdaten!C8 -> -0.3 | F28: =Rohdaten!D8-Rohdaten!D26 -> 180 | G28: =Tabelle9[[#This Row],[Mark.Abw]]/ Rohdaten!D8 -> 0.018 | H28: =Rohdaten!E8-Rohdaten!E26 -> 800 | I28: =Tabelle9[[#This Row],[Trav.Abw]]/Rohdaten!E8 -> 0.2 | J28: =Rohdaten!F8-Rohdaten!F26 -> 500 | K28: =Tabelle9[[#This Row],[Train.Abw]]/Rohdaten!F8 -> 0.083333333 | L28: =Rohdaten!G8-Rohdaten!G26 -> 800 | M28: =Tabelle9[[#This Row],[Main.Abw]]/Rohdaten!G8 -> 0.2
A29: 44958 | B29: =Rohdaten!B9-Rohdaten!B27 -> -2000 | C29: =Tabelle9[[#This Row],[Dev.Abw]] / Rohdaten!B9 -> -0.018691589 | D29: =Rohdaten!C9-Rohdaten!C27 -> 302 | E29: =Tabelle9[[#This Row],[Oper.Abw]]/Rohdaten!C9 -> 0.025166667 | F29: =Rohdaten!D9-Rohdaten!D27 -> 1444 | G29: =Tabelle9[[#This Row],[Mark.Abw]]/ Rohdaten!D9 -> 0.2888 | H29: =Rohdaten!E9-Rohdaten!E27 -> 1700 | I29: =Tabelle9[[#This Row],[Trav.Abw]]/Rohdaten!E9 -> 0.425 | J29: =Rohdaten!F9-Rohdaten!F27 -> -500 | K29: =Tabelle9[[#This Row],[Train.Abw]]/Rohdaten!F9 -> -0.083333333 | L29: =Rohdaten!G9-Rohdaten!G27 -> 1200 | M29: =Tabelle9[[#This Row],[Main.Abw]]/Rohdaten!G9 -> 0.3
A30: 44986 | B30: =Rohdaten!B10-Rohdaten!B28 -> -500 | C30: =Tabelle9[[#This Row],[Dev.Abw]] / Rohdaten!B10 -> -0.0046296296 | D30: =Rohdaten!C10-Rohdaten!C28 -> -1453 | E30: =Tabelle9[[#This Row],[Oper.Abw]]/Rohdaten!C10 -> -0.12108333 | F30: =Rohdaten!D10-Rohdaten!D28 -> -1800 | G30: =Tabelle9[[#This Row],[Mark.Abw]]/ Rohdaten!D10 -> -0.36 | H30: =Rohdaten!E10-Rohdaten!E28 -> -1300 | I30: =Tabelle9[[#This Row],[Trav.Abw]]/Rohdaten!E10 -> -0.325 | J30: =Rohdaten!F10-Rohdaten!F28 -> 6000 | K30: =Tabelle9[[#This Row],[Train.Abw]]/Rohdaten!F10 -> 1 | L30: =Rohdaten!G10-Rohdaten!G28 -> -3800 | M30: =Tabelle9[[#This Row],[Main.Abw]]/Rohdaten!G10 -> -0.95
A31: 45017 | B31: =Rohdaten!B11-Rohdaten!B29 -> -2900 | C31: =Tabelle9[[#This Row],[Dev.Abw]] / Rohdaten!B11 -> -0.027102804 | D31: =Rohdaten!C11-Rohdaten!C29 -> -3790 | E31: =Tabelle9[[#This Row],[Oper.Abw]]/Rohdaten!C11 -> -0.31583333 | F31: =Rohdaten!D11-Rohdaten!D29 -> -1400 | G31: =Tabelle9[[#This Row],[Mark.Abw]]/ Rohdaten!D11 -> -0.14 | H31: =Rohdaten!E11-Rohdaten!E29 -> 1800 | I31: =Tabelle9[[#This Row],[Trav.Abw]]/Rohdaten!E11 -> 0.45 | J31: =Rohdaten!F11-Rohdaten!F29 -> 2000 | K31: =Tabelle9[[#This Row],[Train.Abw]]/Rohdaten!F11 -> 0.33333333 | L31: =Rohdaten!G11-Rohdaten!G29 -> -1700 | M31: =Tabelle9[[#This Row],[Main.Abw]]/Rohdaten!G11 -> -0.425
A32: 45047 | B32: =Rohdaten!B12-Rohdaten!B30 -> -660 | C32: =Tabelle9[[#This Row],[Dev.Abw]] / Rohdaten!B12 -> -0.0059405941 | D32: =Rohdaten!C12-Rohdaten!C30 -> 492 | E32: =Tabelle9[[#This Row],[Oper.Abw]]/Rohdaten!C12 -> 0.041 | F32: =Rohdaten!D12-Rohdaten!D30 -> 1100 | G32: =Tabelle9[[#This Row],[Mark.Abw]]/ Rohdaten!D12 -> 0.275 | H32: =Rohdaten!E12-Rohdaten!E30 -> 2800 | I32: =Tabelle9[[#This Row],[Trav.Abw]]/Rohdaten!E12 -> 0.7 | J32: =Rohdaten!F12-Rohdaten!F30 -> 0 | K32: =Tabelle9[[#This Row],[Train.Abw]]/Rohdaten!F12 -> 0 | L32: =Rohdaten!G12-Rohdaten!G30 -> -600 | M32: =Tabelle9[[#This Row],[Main.Abw]]/Rohdaten!G12 -> -0.15
A33: 45078 | B33: =Rohdaten!B13-Rohdaten!B31 -> -660 | C33: =Tabelle9[[#This Row],[Dev.Abw]] / Rohdaten!B13 -> -0.0059405941 | D33: =Rohdaten!C13-Rohdaten!C31 -> -500 | E33: =Tabelle9[[#This Row],[Oper.Abw]]/Rohdaten!C13 -> -0.033333333 | F33: =Rohdaten!D13-Rohdaten!D31 -> 500 | G33: =Tabelle9[[#This Row],[Mark.Abw]]/ Rohdaten!D13 -> 0.125 | H33: =Rohdaten!E13-Rohdaten!E31 -> -200 | I33: =Tabelle9[[#This Row],[Trav.Abw]]/Rohdaten!E13 -> -0.05 | J33: =Rohdaten!F13-Rohdaten!F31 -> 1500 | K33: =Tabelle9[[#This Row],[Train.Abw]]/Rohdaten!F13 -> 0.1875 | L33: =Rohdaten!G13-Rohdaten!G31 -> -1500 | M33: =Tabelle9[[#This Row],[Main.Abw]]/Rohdaten!G13 -> -0.375
A34: 45108 | B34: =Rohdaten!B14-Rohdaten!B32 -> 8000 | C34: =Tabelle9[[#This Row],[Dev.Abw]] / Rohdaten!B14 -> 0.072727273 | D34: =Rohdaten!C14-Rohdaten!C32 -> 667 | E34: =Tabelle9[[#This Row],[Oper.Abw]]/Rohdaten!C14 -> 0.044466667 | F34: =Rohdaten!D14-Rohdaten!D32 -> 5000 | G34: =Tabelle9[[#This Row],[Mark.Abw]]/ Rohdaten!D14 -> 0.625 | H34: =Rohdaten!E14-Rohdaten!E32 -> 1100 | I34: =Tabelle9[[#This Row],[Trav.Abw]]/Rohdaten!E14 -> 0.275 | J34: =Rohdaten!F14-Rohdaten!F32 -> 500 | K34: =Tabelle9[[#This Row],[Train.Abw]]/Rohdaten!F14 -> 0.0625 | L34: =Rohdaten!G14-Rohdaten!G32 -> 0 | M34: =Tabelle9[[#This Row],[Main.Abw]]/Rohdaten!G14 -> 0
A35: 45139 | B35: =Rohdaten!B15-Rohdaten!B33 -> 8900 | C35: =Tabelle9[[#This Row],[Dev.Abw]] / Rohdaten!B15 -> 0.076068376 | D35: =Rohdaten!C15-Rohdaten!C33 -> -1500 | E35: =Tabelle9[[#This Row],[Oper.Abw]]/Rohdaten!C15 -> -0.1 | F35: =Rohdaten!D15-Rohdaten!D33 -> 200 | G35: =Tabelle9[[#This Row],[Mark.Abw]]/ Rohdaten!D15 -> 0.033333333 | H35: =Rohdaten!E15-Rohdaten!E33 -> -300 | I35: =Tabelle9[[#This Row],[Trav.Abw]]/Rohdaten!E15 -> -0.075 | J35: =Rohdaten!F15-Rohdaten!F33 -> 2000 | K35: =Tabelle9[[#This Row],[Train.Abw]]/Rohdaten!F15 -> 0.25 | L35: =Rohdaten!G15-Rohdaten!G33 -> 900 | M35: =Tabelle9[[#This Row],[Main.Abw]]/Rohdaten!G15 -> 0.225
A36: 45170 | B36: =Rohdaten!B16-Rohdaten!B34 -> 3930 | C36: =Tabelle9[[#This Row],[Dev.Abw]] / Rohdaten!B16 -> 0.033305085 | D36: =Rohdaten!C16-Rohdaten!C34 -> 4100 | E36: =Tabelle9[[#This Row],[Oper.Abw]]/Rohdaten!C16 -> 0.27333333 | F36: =Rohdaten!D16-Rohdaten!D34 -> 0 | G36: =Tabelle9[[#This Row],[Mark.Abw]]/ Rohdaten!D16 -> 0 | H36: =Rohdaten!E16-Rohdaten!E34 -> 1300 | I36: =Tabelle9[[#This Row],[Trav.Abw]]/Rohdaten!E16 -> 0.325 | J36: =Rohdaten!F16-Rohdaten!F34 -> 1000 | K36: =Tabelle9[[#This Row],[Train.Abw]]/Rohdaten!F16 -> 0.125 | L36: =Rohdaten!G16-Rohdaten!G34 -> 1600 | M36: =Tabelle9[[#This Row],[Main.Abw]]/Rohdaten!G16 -> 0.4
A37: 45200 | B37: =Rohdaten!B17-Rohdaten!B35 -> 5960 | C37: =Tabelle9[[#This Row],[Dev.Abw]] / Rohdaten!B17 -> 0.054181818 | D37: =Rohdaten!C17-Rohdaten!C35 -> -2800 | E37: =Tabelle9[[#This Row],[Oper.Abw]]/Rohdaten!C17 -> -0.18666667 | F37: =Rohdaten!D17-Rohdaten!D35 -> 200 | G37: =Tabelle9[[#This Row],[Mark.Abw]]/ Rohdaten!D17 -> 0.02 | H37: =Rohdaten!E17-Rohdaten!E35 -> 300 | I37: =Tabelle9[[#This Row],[Trav.Abw]]/Rohdaten!E17 -> 0.075 | J37: =Rohdaten!F17-Rohdaten!F35 -> 2500 | K37: =Tabelle9[[#This Row],[Train.Abw]]/Rohdaten!F17 -> 0.3125 | L37: =Rohdaten!G17-Rohdaten!G35 -> 2602 | M37: =Tabelle9[[#This Row],[Main.Abw]]/Rohdaten!G17 -> 0.6505
A38: 45231 | B38: =Rohdaten!B18-Rohdaten!B36 -> 1445 | C38: =Tabelle9[[#This Row],[Dev.Abw]] / Rohdaten!B18 -> 0.012350427 | D38: =Rohdaten!C18-Rohdaten!C36 -> -1800 | E38: =Tabelle9[[#This Row],[Oper.Abw]]/Rohdaten!C18 -> -0.12 | F38: =Rohdaten!D18-Rohdaten!D36 -> 100 | G38: =Tabelle9[[#This Row],[Mark.Abw]]/ Rohdaten!D18 -> 0.033333333 | H38: =Rohdaten!E18-Rohdaten!E36 -> -500 | I38: =Tabelle9[[#This Row],[Trav.Abw]]/Rohdaten!E18 -> -0.125 | J38: =Rohdaten!F18-Rohdaten!F36 -> 2000 | K38: =Tabelle9[[#This Row],[Train.Abw]]/Rohdaten!F18 -> 0.25 | L38: =Rohdaten!G18-Rohdaten!G36 -> -1399 | M38: =Tabelle9[[#This Row],[Main.Abw]]/Rohdaten!G18 -> -0.34975
A39: 45261 | B39: =Rohdaten!B19-Rohdaten!B37 -> 4000 | C39: =Tabelle9[[#This Row],[Dev.Abw]] / Rohdaten!B19 -> 0.034188034 | D39: =Rohdaten!C19-Rohdaten!C37 -> 800 | E39: =Tabelle9[[#This Row],[Oper.Abw]]/Rohdaten!C19 -> 0.053333333 | F39: =Rohdaten!D19-Rohdaten!D37 -> -200 | G39: =Tabelle9[[#This Row],[Mark.Abw]]/ Rohdaten!D19 -> -0.028571429 | H39: =Rohdaten!E19-Rohdaten!E37 -> -800 | I39: =Tabelle9[[#This Row],[Trav.Abw]]/Rohdaten!E19 -> -0.2 | J39: =Rohdaten!F19-Rohdaten!F37 -> 500 | K39: =Tabelle9[[#This Row],[Train.Abw]]/Rohdaten!F19 -> 0.0625 | L39: =Rohdaten!G19-Rohdaten!G37 -> -590 | M39: =Tabelle9[[#This Row],[Main.Abw]]/Rohdaten!G19 -> -0.1475
A40: Gesamt | B40: =SUM(B28:B39) -> 25565 | C40: =Tabelle9[[#This Row],[Dev.Abw]]/SUM(Tabelle1[Development Kosten]) -> 0.019075511 | D40: =SUM(Tabelle1[Operatinal Kosten])-SUM(Tabelle2[Operatinal Kosten]) -> -9082 | F40: =SUM(Tabelle1[Marketing Kosten])-SUM(Tabelle2[Marketing Kosten]) -> 5324 | H40: =SUM(Tabelle1[Travelling Kosten])-SUM(Tabelle2[Travelling Kosten]) -> 6700 | J40: =SUM(Tabelle1[[Training Kosten ]])-SUM(Tabelle2[[Training Kosten ]]) -> 18000 | L40: =SUM(Tabelle1[[Maintenance Kosten ]])-SUM(Tabelle2[[Maintenance Kosten ]]) -> -2487

Sheet Kostenarten Analyse
B8: Abweichungsanalyse Budget vs. Ist nach Kostenart 2023
A9: Kostenart | B9: Budget Gesamt | C9: Ist Gesamt | D9: Abw. | E9: Abw.% | F9: Anteil Budget | G9: Ampel
A10: Development Kosten | B10: =SUM(Tabelle1[Development Kosten]) -> 1340200 | C10: =SUM(Tabelle2[Development kosten]) -> 1314635 | D10: =Tabelle7[[#This Row],[Budget Gesamt ]]-Tabelle7[[#This Row],[Ist Gesamt ]] -> 25565 | E10: =Tabelle7[[#This Row],[Abw.]]/Tabelle7[[#This Row],[Budget Gesamt ]] -> 0.019075511 | F10: =Tabelle7[[#This Row],[Budget Gesamt ]]/$B$16 -> 0.76052661 | G10: =ABS(Tabelle7[[#This Row],[Abw.%]]) -> 0.019075511
A11: Operational Kosten | B11: =SUM(Tabelle1[Operatinal Kosten]) -> 165000 | C11: =SUM(Tabelle2[Operatinal Kosten]) -> 174082 | D11: =Tabelle7[[#This Row],[Budget Gesamt ]]-Tabelle7[[#This Row],[Ist Gesamt ]] -> -9082 | E11: =Tabelle7[[#This Row],[Abw.]]/Tabelle7[[#This Row],[Budget Gesamt ]] -> -0.055042424 | F11: =Tabelle7[[#This Row],[Budget Gesamt ]]/$B$16 -> 0.093632959 | G11: =ABS(Tabelle7[[#This Row],[Abw.%]]) -> 0.055042424
A12: Marketing Kosten | B12: =SUM(Tabelle1[Marketing Kosten]) -> 75000 | C12: =SUM(Tabelle2[Marketing Kosten]) -> 69676 | D12: =Tabelle7[[#This Row],[Budget Gesamt ]]-Tabelle7[[#This Row],[Ist Gesamt ]] -> 5324 | E12: =Tabelle7[[#This Row],[Abw.]]/Tabelle7[[#This Row],[Budget Gesamt ]] -> 0.070986667 | F12: =Tabelle7[[#This Row],[Budget Gesamt ]]/$B$16 -> 0.042560436 | G12: =ABS(Tabelle7[[#This Row],[Abw.%]]) -> 0.070986667
A13: Travelling Kosten | B13: =SUM(Tabelle1[Travelling Kosten]) -> 48000 | C13: =SUM(Tabelle2[Travelling Kosten]) -> 41300 | D13: =Tabelle7[[#This Row],[Budget Gesamt ]]-Tabelle7[[#This Row],[Ist Gesamt ]] -> 6700 | E13: =Tabelle7[[#This Row],[Abw.]]/Tabelle7[[#This Row],[Budget Gesamt ]] -> 0.13958333 | F13: =Tabelle7[[#This Row],[Budget Gesamt ]]/$B$16 -> 0.027238679 | G13: =ABS(Tabelle7[[#This Row],[Abw.%]]) -> 0.13958333
A14: Training Kosten | B14: =SUM(Tabelle1[[Training Kosten ]]) -> 86000 | C14: =SUM(Tabelle2[[Training Kosten ]]) -> 68000 | D14: =Tabelle7[[#This Row],[Budget Gesamt ]]-Tabelle7[[#This Row],[Ist Gesamt ]] -> 18000 | E14: =Tabelle7[[#This Row],[Abw.]]/Tabelle7[[#This Row],[Budget Gesamt ]] -> 0.20930233 | F14: =Tabelle7[[#This Row],[Budget Gesamt ]]/$B$16 -> 0.048802633 | G14: =ABS(Tabelle7[[#This Row],[Abw.%]]) -> 0.20930233
A15: Maintenance Kosten | B15: =SUM(Tabelle1[[Maintenance Kosten ]]) -> 48000 | C15: =SUM(Tabelle2[[Maintenance Kosten ]]) -> 50487 | D15: =Tabelle7[[#This Row],[Budget Gesamt ]]-Tabelle7[[#This Row],[Ist Gesamt ]] -> -2487 | E15: =Tabelle7[[#This Row],[Abw.]]/Tabelle7[[#This Row],[Budget Gesamt ]] -> -0.0518125 | F15: =Tabelle7[[#This Row],[Budget Gesamt ]]/$B$16 -> 0.027238679 | G15: =ABS(Tabelle7[[#This Row],[Abw.%]]) -> 0.0518125
A16: Gesamt | B16: =SUM(B10:B15) -> 1762200 | C16: =SUM(C10:C15) -> 1718180 | D16: =Tabelle7[[#This Row],[Budget Gesamt ]]-Tabelle7[[#This Row],[Ist Gesamt ]] -> 44020 | E16: =Tabelle7[[#This Row],[Abw.]]/Tabelle7[[#This Row],[Budget Gesamt ]] -> 0.024980138 | F16: =Tabelle7[[#This Row],[Budget Gesamt ]]/$B$16 -> 1 | G16: =ABS(Tabelle7[[#This Row],[Abw.%]]) -> 0.024980138

Sheet Dashboard
F2: Controlling Dashboard - Budget-Ist-Analyse 2023
C5: Gesamt Budget | G5: Gesamt IST | K5: Geasamtabweichung | O5: Abweichung %
C6: 1.762.200 Euro | G6: 1.718.180 Euro | K6: 44.020 Euro | O6: 0.025
